,mean_fit_time,std_fit_time,mean_score_time,std_score_time,param_GBC__subsample,param_GBC__n_estimators,param_GBC__min_samples_split,param_GBC__min_samples_leaf,param_GBC__max_features,param_GBC__max_depth,param_GBC__learning_rate,params,split0_test_score,split1_test_score,split2_test_score,split3_test_score,split4_test_score,split5_test_score,split6_test_score,split7_test_score,split8_test_score,split9_test_score,mean_test_score,std_test_score,rank_test_score
0,0.8164072036743164,0.03457021152258357,0.013917040824890137,0.0020401606121074355,1.0,4,0.1,0.2,log2,3,0.01,"{'GBC__subsample': 1.0, 'GBC__n_estimators': 4, 'GBC__min_samples_split': 0.1, 'GBC__min_samples_leaf': 0.2, 'GBC__max_features': 'log2', 'GBC__max_depth': 3, 'GBC__learning_rate': 0.01}",0.1893644617380026,0.17509727626459143,0.18040233614536016,0.19792342634652824,0.19338092147955874,0.17391304347826086,0.20116807268007786,0.18754055807916936,0.2018170019467878,0.18299805321219986,0.18836051513705368,0.009696267890048566,68
1,0.3282403230667114,0.0096042089529078,0.013789033889770508,0.0034048106505289075,0.85,2,0.1,0.5,log2,5,1,"{'GBC__subsample': 0.85, 'GBC__n_estimators': 2, 'GBC__min_samples_split': 0.1, 'GBC__min_samples_leaf': 0.5, 'GBC__max_features': 'log2', 'GBC__max_depth': 5, 'GBC__learning_rate': 1}",0.1893644617380026,0.17509727626459143,0.18040233614536016,0.19792342634652824,0.19338092147955874,0.17391304347826086,0.20116807268007786,0.18754055807916936,0.2018170019467878,0.18299805321219986,0.18836051513705368,0.009696267890048566,68
2,10.988456630706787,0.30414728273470565,0.036058592796325686,0.0022844216567222443,0.8,50,0.1,0.1,sqrt,5,0.5,"{'GBC__subsample': 0.8, 'GBC__n_estimators': 50, 'GBC__min_samples_split': 0.1, 'GBC__min_samples_leaf': 0.1, 'GBC__max_features': 'sqrt', 'GBC__max_depth': 5, 'GBC__learning_rate': 0.5}",0.7983138780804151,0.767833981841764,0.7670343932511356,0.790395846852693,0.7865022712524334,0.7754704737183648,0.7871512005191434,0.7754704737183648,0.791693705386113,0.7819597663854639,0.7821825991005891,0.009934732894762837,2
3,11.13991687297821,0.4290044059377963,0.04678840637207031,0.01376182238829998,0.9,50,0.1,0.1,log2,8,0.01,"{'GBC__subsample': 0.9, 'GBC__n_estimators': 50, 'GBC__min_samples_split': 0.1, 'GBC__min_samples_leaf': 0.1, 'GBC__max_features': 'log2', 'GBC__max_depth': 8, 'GBC__learning_rate': 0.01}",0.5350194552529183,0.5142671854734111,0.5165476963011032,0.5626216742375081,0.5386112913692408,0.5308241401687216,0.5347177157689812,0.5379623621025308,0.536664503569111,0.536015574302401,0.5343251598545926,0.012537450903411415,36
4,1.470163893699646,0.11680121442803226,0.017164397239685058,0.0034302546409110935,0.5,10,0.1,0.4,log2,3,0.1,"{'GBC__subsample': 0.5, 'GBC__n_estimators': 10, 'GBC__min_samples_split': 0.1, 'GBC__min_samples_leaf': 0.4, 'GBC__max_features': 'log2', 'GBC__max_depth': 3, 'GBC__learning_rate': 0.1}",0.1893644617380026,0.17509727626459143,0.18040233614536016,0.19792342634652824,0.19338092147955874,0.17391304347826086,0.20116807268007786,0.18754055807916936,0.2018170019467878,0.18299805321219986,0.18836051513705368,0.009696267890048566,68
5,43.691045904159544,2.861218691011992,0.10396661758422851,0.027606576619776644,0.95,200,0.1,0.2,sqrt,8,0.1,"{'GBC__subsample': 0.95, 'GBC__n_estimators': 200, 'GBC__min_samples_split': 0.1, 'GBC__min_samples_leaf': 0.2, 'GBC__max_features': 'sqrt', 'GBC__max_depth': 8, 'GBC__learning_rate': 0.1}",0.7937743190661478,0.7632944228274967,0.7650876054510058,0.7910447761194029,0.7968851395197923,0.7670343932511356,0.7890979883192732,0.782608695652174,0.7962362102530824,0.7878001297858533,0.7832863680245364,0.01253962816306355,1
6,0.7511255502700805,0.11884707972583798,0.023476672172546387,0.006800288494778999,0.85,2,0.1,0.4,sqrt,3,1,"{'GBC__subsample': 0.85, 'GBC__n_estimators': 2, 'GBC__min_samples_split': 0.1, 'GBC__min_samples_leaf': 0.4, 'GBC__max_features': 'sqrt', 'GBC__max_depth': 3, 'GBC__learning_rate': 1}",0.4260700389105058,0.4176394293125811,0.49578195976638545,0.509409474367294,0.5120051914341337,0.5204412719013628,0.5074626865671642,0.48475016223231665,0.48475016223231665,0.4743672939649578,0.48326776706890184,0.033608584119243896,45
7,3.0705298662185667,0.363756678879873,0.02413601875305176,0.0075048742572278,1.0,10,0.1,0.1,sqrt,3,0.1,"{'GBC__subsample': 1.0, 'GBC__n_estimators': 10, 'GBC__min_samples_split': 0.1, 'GBC__min_samples_leaf': 0.1, 'GBC__max_features': 'sqrt', 'GBC__max_depth': 3, 'GBC__learning_rate': 0.1}",0.6186770428015564,0.603112840466926,0.5866320571057755,0.6372485399091499,0.6443867618429591,0.6197274497079819,0.6340038935756003,0.6229720960415315,0.6353017521090201,0.6301103179753407,0.6232172751535842,0.01652405063798697,28
8,1.856400990486145,0.22225255327046858,0.018090248107910156,0.005284780306383836,0.618,10,0.1,0.2,sqrt,5,0.01,"{'GBC__subsample': 0.618, 'GBC__n_estimators': 10, 'GBC__min_samples_split': 0.1, 'GBC__min_samples_leaf': 0.2, 'GBC__max_features': 'sqrt', 'GBC__max_depth': 5, 'GBC__learning_rate': 0.01}",0.24773022049286642,0.2172503242542153,0.2556781310837119,0.26411421155094095,0.2602206359506814,0.2381570408825438,0.29136924075275794,0.2628163530175211,0.27125243348475014,0.26151849448410125,0.25701070859540903,0.018767995790450357,65
9,0.42176361083984376,0.02338880838228447,0.013395190238952637,0.0018993876502774883,0.8,2,0.1,0.2,log2,8,0.1,"{'GBC__subsample': 0.8, 'GBC__n_estimators': 2, 'GBC__min_samples_split': 0.1, 'GBC__min_samples_leaf': 0.2, 'GBC__max_features': 'log2', 'GBC__max_depth': 8, 'GBC__learning_rate': 0.1}",0.33073929961089493,0.3333333333333333,0.2835820895522388,0.3393900064892927,0.3082414016872161,0.30694354315379624,0.34133679428942243,0.29980532121998704,0.34328358208955223,0.29396495781959764,0.3180620329245331,0.020855593687502273,60
10,0.42613036632537843,0.014008023274476736,0.012237119674682616,0.0018829914691866389,0.85,2,0.1,0.2,log2,3,0.05,"{'GBC__subsample': 0.85, 'GBC__n_estimators': 2, 'GBC__min_samples_split': 0.1, 'GBC__min_samples_leaf': 0.2, 'GBC__max_features': 'log2', 'GBC__max_depth': 3, 'GBC__learning_rate': 0.05}",0.3216601815823606,0.3119325551232166,0.2764438676184296,0.3108371187540558,0.2673588578844906,0.2719013627514601,0.32251784555483454,0.28682673588578844,0.3082414016872161,0.28877352368591824,0.29664934505277707,0.01975129177990208,61
11,8.974836778640746,0.4537338967433262,0.03406379222869873,0.01113492373045315,0.85,50,0.1,0.30000000000000004,sqrt,5,0.01,"{'GBC__subsample': 0.85, 'GBC__n_estimators': 50, 'GBC__min_samples_split': 0.1, 'GBC__min_samples_leaf': 0.30000000000000004, 'GBC__max_features': 'sqrt', 'GBC__max_depth': 5, 'GBC__learning_rate': 0.01}",0.4565499351491569,0.4487678339818418,0.445165476963011,0.4925373134328358,0.4607397793640493,0.4581440622972096,0.47761194029850745,0.4581440622972096,0.47112264763140815,0.45749513303049966,0.4626278184445729,0.01339908360779189,48
12,0.7548842668533325,0.07854863825918508,0.01439824104309082,0.0017533117290223,0.85,4,0.1,0.30000000000000004,log2,5,0.01,"{'GBC__subsample': 0.85, 'GBC__n_estimators': 4, 'GBC__min_samples_split': 0.1, 'GBC__min_samples_leaf': 0.30000000000000004, 'GBC__max_features': 'log2', 'GBC__max_depth': 5, 'GBC__learning_rate': 0.01}",0.1893644617380026,0.17509727626459143,0.18040233614536016,0.19792342634652824,0.19338092147955874,0.17391304347826086,0.20116807268007786,0.18754055807916936,0.2018170019467878,0.18299805321219986,0.18836051513705368,0.009696267890048566,68
13,26.854798197746277,2.467394261933099,0.027429890632629395,0.0037905066558422524,0.5,200,0.1,0.30000000000000004,sqrt,3,0.01,"{'GBC__subsample': 0.5, 'GBC__n_estimators': 200, 'GBC__min_samples_split': 0.1, 'GBC__min_samples_leaf': 0.30000000000000004, 'GBC__max_features': 'sqrt', 'GBC__max_depth': 3, 'GBC__learning_rate': 0.01}",0.1893644617380026,0.17509727626459143,0.18040233614536016,0.19792342634652824,0.19338092147955874,0.17391304347826086,0.20116807268007786,0.18754055807916936,0.2018170019467878,0.18299805321219986,0.18836051513705368,0.009696267890048566,68
14,0.5082823753356933,0.017119229880496835,0.01580963134765625,0.002264865667241418,1.0,2,0.1,0.30000000000000004,sqrt,8,0.05,"{'GBC__subsample': 1.0, 'GBC__n_estimators': 2, 'GBC__min_samples_split': 0.1, 'GBC__min_samples_leaf': 0.30000000000000004, 'GBC__max_features': 'sqrt', 'GBC__max_depth': 8, 'GBC__learning_rate': 0.05}",0.3216601815823606,0.3151750972762646,0.3062946138870863,0.34717715768981183,0.3283582089552239,0.3147306943543154,0.3465282284231019,0.32965606748864373,0.3400389357560026,0.31797534068786504,0.3267594526100676,0.013400893160558838,59
15,1.1243072271347045,0.01564236640505804,0.017331242561340332,0.004750559467985543,0.9,4,0.1,0.1,sqrt,3,1,"{'GBC__subsample': 0.9, 'GBC__n_estimators': 4, 'GBC__min_samples_split': 0.1, 'GBC__min_samples_leaf': 0.1, 'GBC__max_features': 'sqrt', 'GBC__max_depth': 3, 'GBC__learning_rate': 1}",0.5881971465629053,0.566147859922179,0.600259571706684,0.6132381570408826,0.5418559377027904,0.6197274497079819,0.6177806619078521,0.5567813108371188,0.6404931862426996,0.6327060350421804,0.5977187316673274,0.03173616739284614,31
16,23.92739417552948,0.6158714054239246,0.02845923900604248,0.004748775911217604,0.8,200,0.1,0.5,log2,8,0.1,"{'GBC__subsample': 0.8, 'GBC__n_estimators': 200, 'GBC__min_samples_split': 0.1, 'GBC__min_samples_leaf': 0.5, 'GBC__max_features': 'log2', 'GBC__max_depth': 8, 'GBC__learning_rate': 0.1}",0.1893644617380026,0.17509727626459143,0.18040233614536016,0.19792342634652824,0.19338092147955874,0.17391304347826086,0.20116807268007786,0.18754055807916936,0.2018170019467878,0.18299805321219986,0.18836051513705368,0.009696267890048566,68
17,0.7749316930770874,0.022969975987129545,0.01743152141571045,0.0027350529650407873,0.618,4,0.1,0.2,sqrt,3,0.01,"{'GBC__subsample': 0.618, 'GBC__n_estimators': 4, 'GBC__min_samples_split': 0.1, 'GBC__min_samples_leaf': 0.2, 'GBC__max_features': 'sqrt', 'GBC__max_depth': 3, 'GBC__learning_rate': 0.01}",0.1893644617380026,0.17509727626459143,0.18040233614536016,0.19792342634652824,0.19338092147955874,0.17391304347826086,0.20116807268007786,0.18754055807916936,0.2018170019467878,0.18299805321219986,0.18836051513705368,0.009696267890048566,68
18,0.8120946645736694,0.014549590270036255,0.017704319953918458,0.004088558340248342,0.8,4,0.1,0.2,log2,3,1,"{'GBC__subsample': 0.8, 'GBC__n_estimators': 4, 'GBC__min_samples_split': 0.1, 'GBC__min_samples_leaf': 0.2, 'GBC__max_features': 'log2', 'GBC__max_depth': 3, 'GBC__learning_rate': 1}",0.5648508430609598,0.5272373540856031,0.517845554834523,0.5515898767034393,0.5587280986372486,0.5496430889033095,0.5678131083711876,0.5489941596365996,0.5561323815704088,0.5489941596365996,0.549182862543988,0.0148380859912983,34
19,0.5799160242080689,0.03518333239948877,0.015966057777404785,0.003536908793162377,0.618,4,0.1,0.4,sqrt,8,0.1,"{'GBC__subsample': 0.618, 'GBC__n_estimators': 4, 'GBC__min_samples_split': 0.1, 'GBC__min_samples_leaf': 0.4, 'GBC__max_features': 'sqrt', 'GBC__max_depth': 8, 'GBC__learning_rate': 0.1}",0.1893644617380026,0.17509727626459143,0.18040233614536016,0.19792342634652824,0.19338092147955874,0.17391304347826086,0.20116807268007786,0.18754055807916936,0.2018170019467878,0.18299805321219986,0.18836051513705368,0.009696267890048566,68
20,0.5573133707046509,0.020667693220809476,0.014559268951416016,0.0023974538878140063,0.8,2,0.1,0.1,sqrt,3,0.5,"{'GBC__subsample': 0.8, 'GBC__n_estimators': 2, 'GBC__min_samples_split': 0.1, 'GBC__min_samples_leaf': 0.1, 'GBC__max_features': 'sqrt', 'GBC__max_depth': 3, 'GBC__learning_rate': 0.5}",0.540207522697795,0.5129701686121919,0.563919532770928,0.6073977936404932,0.5626216742375081,0.5652173913043478,0.5801427644386762,0.54574951330305,0.5872809863724854,0.5580791693705386,0.5623586516748015,0.024901148338877327,33
21,2.6433727025985716,0.6133048485344126,0.02475113868713379,0.011230814539585703,0.8,10,0.1,0.1,log2,5,0.1,"{'GBC__subsample': 0.8, 'GBC__n_estimators': 10, 'GBC__min_samples_split': 0.1, 'GBC__min_samples_leaf': 0.1, 'GBC__max_features': 'log2', 'GBC__max_depth': 5, 'GBC__learning_rate': 0.1}",0.6102464332036317,0.5836575875486382,0.5853341985723556,0.6320571057754705,0.6294613887086308,0.6035042180402336,0.6236210253082414,0.5905256327060351,0.6132381570408826,0.6086956521739131,0.6080341399078033,0.016577593822014583,30
22,0.34585888385772706,0.024743520782542685,0.014205312728881836,0.0025535041657055372,0.9,2,0.1,0.5,log2,8,0.01,"{'GBC__subsample': 0.9, 'GBC__n_estimators': 2, 'GBC__min_samples_split': 0.1, 'GBC__min_samples_leaf': 0.5, 'GBC__max_features': 'log2', 'GBC__max_depth': 8, 'GBC__learning_rate': 0.01}",0.1893644617380026,0.17509727626459143,0.18040233614536016,0.19792342634652824,0.19338092147955874,0.17391304347826086,0.20116807268007786,0.18754055807916936,0.2018170019467878,0.18299805321219986,0.18836051513705368,0.009696267890048566,68
23,8.797945427894593,0.3557278910079368,0.024629545211791993,0.001911580055549635,0.95,50,0.1,0.30000000000000004,sqrt,3,0.5,"{'GBC__subsample': 0.95, 'GBC__n_estimators': 50, 'GBC__min_samples_split': 0.1, 'GBC__min_samples_leaf': 0.30000000000000004, 'GBC__max_features': 'sqrt', 'GBC__max_depth': 3, 'GBC__learning_rate': 0.5}",0.7094682230869002,0.6874189364461738,0.6781310837118754,0.6982478909798832,0.6956521739130435,0.6735885788449059,0.6917585983127839,0.6956521739130435,0.7047371836469825,0.6950032446463336,0.6929658087501924,0.010417057426892175,15
24,0.44789535999298097,0.009038992416768265,0.013010931015014649,0.0009866640101078175,0.95,2,0.1,0.2,log2,8,0.01,"{'GBC__subsample': 0.95, 'GBC__n_estimators': 2, 'GBC__min_samples_split': 0.1, 'GBC__min_samples_leaf': 0.2, 'GBC__max_features': 'log2', 'GBC__max_depth': 8, 'GBC__learning_rate': 0.01}",0.1893644617380026,0.17509727626459143,0.18040233614536016,0.19792342634652824,0.19338092147955874,0.17391304347826086,0.20116807268007786,0.18754055807916936,0.2018170019467878,0.18299805321219986,0.18836051513705368,0.009696267890048566,68
25,0.37084369659423827,0.004840738795064687,0.014368915557861328,0.002188753359091949,0.85,2,0.1,0.30000000000000004,log2,3,0.05,"{'GBC__subsample': 0.85, 'GBC__n_estimators': 2, 'GBC__min_samples_split': 0.1, 'GBC__min_samples_leaf': 0.30000000000000004, 'GBC__max_features': 'log2', 'GBC__max_depth': 3, 'GBC__learning_rate': 0.05}",0.3216601815823606,0.3119325551232166,0.22388059701492538,0.19792342634652824,0.2381570408825438,0.17391304347826086,0.20116807268007786,0.22842310188189488,0.2680077871512005,0.18299805321219986,0.23480638593532083,0.04863095539246514,66
26,1.017807936668396,0.05386169219509316,0.015117931365966796,0.0015369463215381815,1.0,4,0.1,0.1,log2,5,0.01,"{'GBC__subsample': 1.0, 'GBC__n_estimators': 4, 'GBC__min_samples_split': 0.1, 'GBC__min_samples_leaf': 0.1, 'GBC__max_features': 'log2', 'GBC__max_depth': 5, 'GBC__learning_rate': 0.01}",0.1893644617380026,0.17509727626459143,0.208955223880597,0.23296560674886438,0.22582738481505515,0.18040233614536016,0.23750811161583388,0.18754055807916936,0.23036988968202465,0.1927319922128488,0.20607628411823473,0.022625975782677315,67
27,13.547339630126952,1.525054517846272,0.023070240020751955,0.005842284380687474,0.5,100,0.1,0.30000000000000004,sqrt,8,0.01,"{'GBC__subsample': 0.5, 'GBC__n_estimators': 100, 'GBC__min_samples_split': 0.1, 'GBC__min_samples_leaf': 0.30000000000000004, 'GBC__max_features': 'sqrt', 'GBC__max_depth': 8, 'GBC__learning_rate': 0.01}",0.1893644617380026,0.17509727626459143,0.18040233614536016,0.19792342634652824,0.19338092147955874,0.17391304347826086,0.20116807268007786,0.18754055807916936,0.2018170019467878,0.18299805321219986,0.18836051513705368,0.009696267890048566,68
28,2.7455389499664307,0.2895315707120259,0.028329014778137207,0.008383605350547501,0.5,10,0.1,0.1,sqrt,8,0.05,"{'GBC__subsample': 0.5, 'GBC__n_estimators': 10, 'GBC__min_samples_split': 0.1, 'GBC__min_samples_leaf': 0.1, 'GBC__max_features': 'sqrt', 'GBC__max_depth': 8, 'GBC__learning_rate': 0.05}",0.4961089494163424,0.4876783398184176,0.49578195976638545,0.526930564568462,0.5061648280337443,0.49123945489941595,0.5074626865671642,0.500324464633355,0.5120051914341337,0.5081116158338741,0.5031808054971294,0.010905538389311036,41
29,0.8609424114227295,0.036635887865622156,0.017590951919555665,0.0037119418944261203,0.95,4,0.1,0.4,sqrt,3,0.5,"{'GBC__subsample': 0.95, 'GBC__n_estimators': 4, 'GBC__min_samples_split': 0.1, 'GBC__min_samples_leaf': 0.4, 'GBC__max_features': 'sqrt', 'GBC__max_depth': 3, 'GBC__learning_rate': 0.5}",0.5058365758754864,0.4993514915693904,0.508760545100584,0.54574951330305,0.54574951330305,0.5301752109020117,0.5340687865022713,0.5463984425697599,0.5567813108371188,0.5308241401687216,0.5303695530131444,0.018634531605286723,37
30,1.3985541343688965,0.029789276640242574,0.017279386520385742,0.0033817807089824444,0.9,10,0.1,0.5,log2,8,0.05,"{'GBC__subsample': 0.9, 'GBC__n_estimators': 10, 'GBC__min_samples_split': 0.1, 'GBC__min_samples_leaf': 0.5, 'GBC__max_features': 'log2', 'GBC__max_depth': 8, 'GBC__learning_rate': 0.05}",0.1893644617380026,0.17509727626459143,0.18040233614536016,0.19792342634652824,0.19338092147955874,0.17391304347826086,0.20116807268007786,0.18754055807916936,0.2018170019467878,0.18299805321219986,0.18836051513705368,0.009696267890048566,68
31,2.836508011817932,0.05823049326786397,0.0172166109085083,0.002526666777213386,0.9,10,0.1,0.1,sqrt,5,1,"{'GBC__subsample': 0.9, 'GBC__n_estimators': 10, 'GBC__min_samples_split': 0.1, 'GBC__min_samples_leaf': 0.1, 'GBC__max_features': 'sqrt', 'GBC__max_depth': 5, 'GBC__learning_rate': 1}",0.6232166018158236,0.5557717250324254,0.6852693056456847,0.72680077871512,0.7086307592472421,0.691109669046074,0.6872160934458144,0.7164179104477612,0.7164179104477612,0.6995457495133031,0.681039650335701,0.04989395775611585,17
32,11.06065285205841,0.5562119121193881,0.03663802146911621,0.008946160037709965,0.8,50,0.1,0.1,log2,3,0.5,"{'GBC__subsample': 0.8, 'GBC__n_estimators': 50, 'GBC__min_samples_split': 0.1, 'GBC__min_samples_leaf': 0.1, 'GBC__max_features': 'log2', 'GBC__max_depth': 3, 'GBC__learning_rate': 0.5}",0.7762645914396887,0.7607003891050583,0.7521090201168072,0.7897469175859831,0.7793640493186242,0.7754704737183648,0.7780661907852044,0.7676833225178455,0.7819597663854639,0.7728747566515249,0.7734239477624566,0.010285250457410319,4
33,0.5618090867996216,0.025308152004825786,0.01492006778717041,0.00554276815242945,0.8,2,0.1,0.1,log2,8,0.5,"{'GBC__subsample': 0.8, 'GBC__n_estimators': 2, 'GBC__min_samples_split': 0.1, 'GBC__min_samples_leaf': 0.1, 'GBC__max_features': 'log2', 'GBC__max_depth': 8, 'GBC__learning_rate': 0.5}",0.5648508430609598,0.5272373540856031,0.500324464633355,0.5567813108371188,0.5262816353017521,0.5256327060350422,0.5425048669695003,0.5042180402336145,0.518494484101233,0.5230369889682025,0.5289362694226383,0.019605140436117458,38
34,0.9387898445129395,0.07698212107652887,0.022390317916870118,0.009527372493146084,0.618,4,0.1,0.30000000000000004,log2,3,1,"{'GBC__subsample': 0.618, 'GBC__n_estimators': 4, 'GBC__min_samples_split': 0.1, 'GBC__min_samples_leaf': 0.30000000000000004, 'GBC__max_features': 'log2', 'GBC__max_depth': 3, 'GBC__learning_rate': 1}",0.49546044098573283,0.48702983138780803,0.4782608695652174,0.5133030499675535,0.46852693056456846,0.4828033744321869,0.48215444516547695,0.48150551589876706,0.4899415963659961,0.4789097988319273,0.48578958531652344,0.011453343680833405,44
35,8.735951900482178,0.4811336101601443,0.02873387336730957,0.008361322417620975,0.85,50,0.1,0.4,log2,8,0.01,"{'GBC__subsample': 0.85, 'GBC__n_estimators': 50, 'GBC__min_samples_split': 0.1, 'GBC__min_samples_leaf': 0.4, 'GBC__max_features': 'log2', 'GBC__max_depth': 8, 'GBC__learning_rate': 0.01}",0.35019455252918286,0.3469520103761349,0.33160285528877353,0.3698896820246593,0.3536664503569111,0.3393900064892927,0.3757300454250487,0.34717715768981183,0.36404931862427,0.34133679428942243,0.35199888730935075,0.013311198124275201,54
36,13.910987305641175,0.9261480360048171,0.04170451164245605,0.013552364860812854,1.0,50,0.1,0.2,sqrt,5,0.5,"{'GBC__subsample': 1.0, 'GBC__n_estimators': 50, 'GBC__min_samples_split': 0.1, 'GBC__min_samples_leaf': 0.2, 'GBC__max_features': 'sqrt', 'GBC__max_depth': 5, 'GBC__learning_rate': 0.5}",0.7924773022049286,0.7399481193255513,0.7650876054510058,0.7858533419857235,0.7767683322517845,0.7501622323166774,0.7709279688513953,0.7689811810512654,0.7845554834523037,0.7709279688513953,0.7705689535742031,0.015279192806543263,5
37,11.452680969238282,1.8048606010948791,0.03698599338531494,0.008185538031314108,0.9,50,0.1,0.2,sqrt,5,0.01,"{'GBC__subsample': 0.9, 'GBC__n_estimators': 50, 'GBC__min_samples_split': 0.1, 'GBC__min_samples_leaf': 0.2, 'GBC__max_features': 'sqrt', 'GBC__max_depth': 5, 'GBC__learning_rate': 0.01}",0.48638132295719844,0.4792477302204929,0.4763140817650876,0.5236859182349124,0.5048669695003245,0.4964308890330954,0.5016223231667748,0.49318624269954575,0.5055158987670344,0.48669695003244645,0.49539483263769124,0.013486942908518087,43
38,8.848087096214295,0.08172659471404445,0.031594491004943846,0.0032706644662639124,0.95,50,0.1,0.2,log2,8,0.05,"{'GBC__subsample': 0.95, 'GBC__n_estimators': 50, 'GBC__min_samples_split': 0.1, 'GBC__min_samples_leaf': 0.2, 'GBC__max_features': 'log2', 'GBC__max_depth': 8, 'GBC__learning_rate': 0.05}",0.6413748378728924,0.6348897535667963,0.6249188838416613,0.672939649578196,0.6742375081116159,0.6391953277092797,0.6645035691109669,0.6606099935107074,0.6651524983776769,0.6495781959766386,0.652740021765643,0.016247538381218042,23
39,0.5150331735610962,0.010592748965292135,0.013080739974975586,0.0016823016568789971,0.618,4,0.1,0.4,sqrt,8,0.05,"{'GBC__subsample': 0.618, 'GBC__n_estimators': 4, 'GBC__min_samples_split': 0.1, 'GBC__min_samples_leaf': 0.4, 'GBC__max_features': 'sqrt', 'GBC__max_depth': 8, 'GBC__learning_rate': 0.05}",0.1893644617380026,0.17509727626459143,0.18040233614536016,0.19792342634652824,0.19338092147955874,0.17391304347826086,0.20116807268007786,0.18754055807916936,0.2018170019467878,0.18299805321219986,0.18836051513705368,0.009696267890048566,68
40,2.168295383453369,0.03149782881607979,0.019198966026306153,0.0030295361986981796,0.85,10,0.1,0.1,log2,5,1,"{'GBC__subsample': 0.85, 'GBC__n_estimators': 10, 'GBC__min_samples_split': 0.1, 'GBC__min_samples_leaf': 0.1, 'GBC__max_features': 'log2', 'GBC__max_depth': 5, 'GBC__learning_rate': 1}",0.5492866407263295,0.6718547341115434,0.7040882543802726,0.7255029201817002,0.7118754055807917,0.6794289422452953,0.6904607397793641,0.6885139519792343,0.6865671641791045,0.6904607397793641,0.6798039492942999,0.04599297750676998,18
41,0.40193469524383546,0.07780827190742665,0.016769027709960936,0.006490403788680992,0.618,2,0.1,0.5,sqrt,3,0.1,"{'GBC__subsample': 0.618, 'GBC__n_estimators': 2, 'GBC__min_samples_split': 0.1, 'GBC__min_samples_leaf': 0.5, 'GBC__max_features': 'sqrt', 'GBC__max_depth': 3, 'GBC__learning_rate': 0.1}",0.1893644617380026,0.17509727626459143,0.18040233614536016,0.19792342634652824,0.19338092147955874,0.17391304347826086,0.20116807268007786,0.18754055807916936,0.2018170019467878,0.18299805321219986,0.18836051513705368,0.009696267890048566,68
42,1.0471343278884888,0.06550760069167541,0.01995089054107666,0.00616611373470356,0.95,4,0.1,0.30000000000000004,sqrt,5,0.01,"{'GBC__subsample': 0.95, 'GBC__n_estimators': 4, 'GBC__min_samples_split': 0.1, 'GBC__min_samples_leaf': 0.30000000000000004, 'GBC__max_features': 'sqrt', 'GBC__max_depth': 5, 'GBC__learning_rate': 0.01}",0.1893644617380026,0.17509727626459143,0.18040233614536016,0.19792342634652824,0.19338092147955874,0.17391304347826086,0.20116807268007786,0.18754055807916936,0.2018170019467878,0.18299805321219986,0.18836051513705368,0.009696267890048566,68
43,0.851707935333252,0.06800112566476046,0.015090656280517579,0.002354944193258209,0.8,4,0.1,0.2,sqrt,3,0.05,"{'GBC__subsample': 0.8, 'GBC__n_estimators': 4, 'GBC__min_samples_split': 0.1, 'GBC__min_samples_leaf': 0.2, 'GBC__max_features': 'sqrt', 'GBC__max_depth': 3, 'GBC__learning_rate': 0.05}",0.3476005188067445,0.3326848249027237,0.31602855288773524,0.36340038935756,0.35171966255678133,0.29980532121998704,0.35431537962362103,0.3173264114211551,0.36080467229072033,0.3075924724205062,0.33512782054875345,0.022251232514064894,57
44,0.7145945072174072,0.020941963074739448,0.015386343002319336,0.0023565550700060285,0.9,4,0.1,0.30000000000000004,log2,8,0.5,"{'GBC__subsample': 0.9, 'GBC__n_estimators': 4, 'GBC__min_samples_split': 0.1, 'GBC__min_samples_leaf': 0.30000000000000004, 'GBC__max_features': 'log2', 'GBC__max_depth': 8, 'GBC__learning_rate': 0.5}",0.49416342412451364,0.48443579766536965,0.4918883841661259,0.5509409474367294,0.5334198572355613,0.5334198572355613,0.5483452303698897,0.5171966255678131,0.527579493835172,0.5314730694354315,0.5212862687072168,0.022414231238909142,39
45,9.465342450141907,0.11638650121274748,0.03663699626922608,0.006402106684402492,0.618,50,0.1,0.1,sqrt,8,1,"{'GBC__subsample': 0.618, 'GBC__n_estimators': 50, 'GBC__min_samples_split': 0.1, 'GBC__min_samples_leaf': 0.1, 'GBC__max_features': 'sqrt', 'GBC__max_depth': 8, 'GBC__learning_rate': 1}",0.7470817120622568,0.7315175097276264,0.7261518494484102,0.755353666450357,0.736534717715769,0.7430240103828682,0.7488643737832577,0.7417261518494485,0.7482154445165476,0.7508111615833875,0.7429280597519929,0.008665786642180161,10
46,29.131111431121827,1.2126010574612736,0.06884315013885497,0.0058640962474215755,1.0,100,0.1,0.1,sqrt,8,0.05,"{'GBC__subsample': 1.0, 'GBC__n_estimators': 100, 'GBC__min_samples_split': 0.1, 'GBC__min_samples_leaf': 0.1, 'GBC__max_features': 'sqrt', 'GBC__max_depth': 8, 'GBC__learning_rate': 0.05}",0.7684824902723736,0.7535667963683528,0.7397793640493187,0.781310837118754,0.763140817650876,0.7508111615833875,0.7657365347177157,0.7618429591174561,0.7715768981181051,0.7715768981181051,0.7627824757114443,0.0113912066621769,6
47,0.7149558305740357,0.009994736678843293,0.011985969543457032,0.0007065254899866195,0.618,4,0.1,0.1,log2,5,0.01,"{'GBC__subsample': 0.618, 'GBC__n_estimators': 4, 'GBC__min_samples_split': 0.1, 'GBC__min_samples_leaf': 0.1, 'GBC__max_features': 'log2', 'GBC__max_depth': 5, 'GBC__learning_rate': 0.01}",0.1893644617380026,0.17509727626459143,0.18040233614536016,0.19792342634652824,0.19338092147955874,0.17391304347826086,0.20116807268007786,0.18754055807916936,0.2018170019467878,0.18299805321219986,0.18836051513705368,0.009696267890048566,68
48,0.579681134223938,0.017210945229715353,0.012562084197998046,0.00141639956527513,0.618,4,0.1,0.30000000000000004,log2,8,0.5,"{'GBC__subsample': 0.618, 'GBC__n_estimators': 4, 'GBC__min_samples_split': 0.1, 'GBC__min_samples_leaf': 0.30000000000000004, 'GBC__max_features': 'log2', 'GBC__max_depth': 8, 'GBC__learning_rate': 0.5}",0.4785992217898833,0.4721141374837873,0.43413367942894227,0.47761194029850745,0.46203763789746916,0.4607397793640493,0.45749513303049966,0.45035691109669046,0.45295262816353016,0.43672939649578196,0.4582770465049141,0.01461982856520107,49
49,0.34497072696685793,0.009477871341952692,0.014638328552246093,0.006125530906900746,0.5,2,0.1,0.2,log2,5,1,"{'GBC__subsample': 0.5, 'GBC__n_estimators': 2, 'GBC__min_samples_split': 0.1, 'GBC__min_samples_leaf': 0.2, 'GBC__max_features': 'log2', 'GBC__max_depth': 5, 'GBC__learning_rate': 1}",0.4656290531776913,0.4494163424124514,0.47047371836469826,0.47566515249837765,0.5061648280337443,0.47566515249837765,0.4581440622972096,0.4879948085658663,0.4646333549643089,0.4561972744970798,0.47099837473098055,0.015776007798591143,47
50,23.159980535507202,1.3716919330087933,0.026656579971313477,0.0028775736788055617,0.85,200,0.1,0.5,log2,5,0.1,"{'GBC__subsample': 0.85, 'GBC__n_estimators': 200, 'GBC__min_samples_split': 0.1, 'GBC__min_samples_leaf': 0.5, 'GBC__max_features': 'log2', 'GBC__max_depth': 5, 'GBC__learning_rate': 0.1}",0.1893644617380026,0.17509727626459143,0.18040233614536016,0.19792342634652824,0.19338092147955874,0.17391304347826086,0.20116807268007786,0.18754055807916936,0.2018170019467878,0.18299805321219986,0.18836051513705368,0.009696267890048566,68
51,0.8197748184204101,0.11780046475632039,0.026465606689453126,0.007655304684087027,0.9,4,0.1,0.5,sqrt,3,0.5,"{'GBC__subsample': 0.9, 'GBC__n_estimators': 4, 'GBC__min_samples_split': 0.1, 'GBC__min_samples_leaf': 0.5, 'GBC__max_features': 'sqrt', 'GBC__max_depth': 3, 'GBC__learning_rate': 0.5}",0.1893644617380026,0.17509727626459143,0.18040233614536016,0.19792342634652824,0.19338092147955874,0.17391304347826086,0.20116807268007786,0.18754055807916936,0.2018170019467878,0.18299805321219986,0.18836051513705368,0.009696267890048566,68
52,57.014579272270204,2.877465613849197,0.09481170177459716,0.012302920906331841,0.9,200,0.1,0.1,sqrt,3,1,"{'GBC__subsample': 0.9, 'GBC__n_estimators': 200, 'GBC__min_samples_split': 0.1, 'GBC__min_samples_leaf': 0.1, 'GBC__max_features': 'sqrt', 'GBC__max_depth': 3, 'GBC__learning_rate': 1}",0.11478599221789883,0.5142671854734111,0.7534068786502272,0.190785204412719,0.04477611940298507,0.7702790395846852,0.772225827384815,0.027903958468526932,0.7741726151849448,0.7657365347177157,0.4728339355497929,0.32001404856410265,46
53,0.6376955270767212,0.15322887856310743,0.02010488510131836,0.009874544354984003,0.618,2,0.1,0.2,sqrt,5,0.05,"{'GBC__subsample': 0.618, 'GBC__n_estimators': 2, 'GBC__min_samples_split': 0.1, 'GBC__min_samples_leaf': 0.2, 'GBC__max_features': 'sqrt', 'GBC__max_depth': 5, 'GBC__learning_rate': 0.05}",0.3151750972762646,0.3119325551232166,0.2654120700843608,0.2965606748864374,0.28487994808565864,0.26865671641791045,0.30953926022063594,0.27060350421804025,0.29396495781959764,0.27255029201817,0.2889275076150292,0.018195877208501694,63
54,38.788255620002744,0.9460474817389422,0.09145467281341553,0.02041074385491067,0.85,200,0.1,0.2,log2,5,1,"{'GBC__subsample': 0.85, 'GBC__n_estimators': 200, 'GBC__min_samples_split': 0.1, 'GBC__min_samples_leaf': 0.2, 'GBC__max_features': 'log2', 'GBC__max_depth': 5, 'GBC__learning_rate': 1}",0.7671854734111544,0.751621271076524,0.7378325762491889,0.7852044127190136,0.7423750811161584,0.7508111615833875,0.7657365347177157,0.7560025957170668,0.7780661907852044,0.7566515249837767,0.7591486822359191,0.01422252764637343,7
55,8.702928400039672,0.5499268827420827,0.025672483444213866,0.005175662678098977,0.9,50,0.1,0.4,sqrt,3,0.01,"{'GBC__subsample': 0.9, 'GBC__n_estimators': 50, 'GBC__min_samples_split': 0.1, 'GBC__min_samples_leaf': 0.4, 'GBC__max_features': 'sqrt', 'GBC__max_depth': 3, 'GBC__learning_rate': 0.01}",0.36186770428015563,0.35667963683527887,0.34068786502271253,0.38092147955872807,0.36404931862427,0.3510707332900714,0.3835171966255678,0.35885788449059053,0.3776768332251785,0.3556132381570409,0.3630941890109594,0.013082988196025946,52
56,2.455155277252197,0.10217256844734432,0.02253613471984863,0.005373245788641988,0.9,10,0.1,0.1,log2,5,0.01,"{'GBC__subsample': 0.9, 'GBC__n_estimators': 10, 'GBC__min_samples_split': 0.1, 'GBC__min_samples_leaf': 0.1, 'GBC__max_features': 'log2', 'GBC__max_depth': 5, 'GBC__learning_rate': 0.01}",0.31841763942931256,0.30609597924773024,0.3283582089552239,0.39844256975989617,0.3309539260220636,0.30889033095392604,0.41855937702790397,0.32316677482154443,0.39649578195976637,0.381570408825438,0.3510950997002805,0.040447227614390874,56
57,0.4611091136932373,0.02348960298342135,0.014731478691101075,0.0014942475725297185,0.9,2,0.1,0.4,sqrt,3,0.1,"{'GBC__subsample': 0.9, 'GBC__n_estimators': 2, 'GBC__min_samples_split': 0.1, 'GBC__min_samples_leaf': 0.4, 'GBC__max_features': 'sqrt', 'GBC__max_depth': 3, 'GBC__learning_rate': 0.1}",0.3333333333333333,0.32944228274967574,0.31602855288773524,0.35885788449059053,0.33354964308890334,0.32706035042180404,0.3737832576249189,0.31148604802076574,0.33809214795587283,0.3030499675535367,0.33246834681271364,0.020127698106571747,58
58,0.46895105838775636,0.008584819000709409,0.014732289314270019,0.0037513104450615817,0.618,2,0.1,0.1,log2,8,0.01,"{'GBC__subsample': 0.618, 'GBC__n_estimators': 2, 'GBC__min_samples_split': 0.1, 'GBC__min_samples_leaf': 0.1, 'GBC__max_features': 'log2', 'GBC__max_depth': 8, 'GBC__learning_rate': 0.01}",0.1893644617380026,0.17509727626459143,0.18040233614536016,0.19792342634652824,0.19338092147955874,0.17391304347826086,0.20116807268007786,0.18754055807916936,0.2018170019467878,0.18299805321219986,0.18836051513705368,0.009696267890048566,68
59,0.8542408466339111,0.03331438256629016,0.015742945671081542,0.006013980923714868,0.9,4,0.1,0.2,log2,5,0.01,"{'GBC__subsample': 0.9, 'GBC__n_estimators': 4, 'GBC__min_samples_split': 0.1, 'GBC__min_samples_leaf': 0.2, 'GBC__max_features': 'log2', 'GBC__max_depth': 5, 'GBC__learning_rate': 0.01}",0.1893644617380026,0.17509727626459143,0.18040233614536016,0.19792342634652824,0.19338092147955874,0.17391304347826086,0.20116807268007786,0.18754055807916936,0.2018170019467878,0.18299805321219986,0.18836051513705368,0.009696267890048566,68
60,17.08222587108612,0.18157520154397686,0.037512922286987306,0.005159835197147466,0.5,100,0.1,0.2,sqrt,8,1,"{'GBC__subsample': 0.5, 'GBC__n_estimators': 100, 'GBC__min_samples_split': 0.1, 'GBC__min_samples_leaf': 0.2, 'GBC__max_features': 'sqrt', 'GBC__max_depth': 8, 'GBC__learning_rate': 1}",0.695201037613489,0.6498054474708171,0.6476314081765088,0.6846203763789747,0.6787800129785854,0.6625567813108372,0.6761842959117457,0.6748864373783258,0.682024659312135,0.6865671641791045,0.6738257620710523,0.014914198869137108,19
61,2.5188225746154784,0.21348388052912573,0.019910407066345216,0.004608988569257814,1.0,10,0.1,0.2,log2,5,0.01,"{'GBC__subsample': 1.0, 'GBC__n_estimators': 10, 'GBC__min_samples_split': 0.1, 'GBC__min_samples_leaf': 0.2, 'GBC__max_features': 'log2', 'GBC__max_depth': 5, 'GBC__learning_rate': 0.01}",0.29766536964980544,0.26394293125810636,0.28033744321868914,0.3173264114211551,0.29396495781959764,0.25762491888384165,0.3153796236210253,0.2972096041531473,0.3101881894873459,0.27709279688513955,0.29107322463978536,0.01974952586450634,62
62,12.343884372711182,0.17483194199405558,0.02147200107574463,0.0025590279798446357,0.5,100,0.1,0.30000000000000004,log2,5,0.01,"{'GBC__subsample': 0.5, 'GBC__n_estimators': 100, 'GBC__min_samples_split': 0.1, 'GBC__min_samples_leaf': 0.30000000000000004, 'GBC__max_features': 'log2', 'GBC__max_depth': 5, 'GBC__learning_rate': 0.01}",0.1893644617380026,0.17509727626459143,0.18040233614536016,0.19792342634652824,0.19338092147955874,0.17391304347826086,0.20116807268007786,0.18754055807916936,0.2018170019467878,0.18299805321219986,0.18836051513705368,0.009696267890048566,68
63,33.275293064117434,1.2395711383347787,0.05938413143157959,0.007118671561453978,0.9,200,0.1,0.30000000000000004,log2,3,1,"{'GBC__subsample': 0.9, 'GBC__n_estimators': 200, 'GBC__min_samples_split': 0.1, 'GBC__min_samples_leaf': 0.30000000000000004, 'GBC__max_features': 'log2', 'GBC__max_depth': 3, 'GBC__learning_rate': 1}",0.7185473411154345,0.6964980544747081,0.6839714471122648,0.7170668397144712,0.6917585983127839,0.6839714471122648,0.6995457495133031,0.6859182349123946,0.7079818299805322,0.7105775470473719,0.6995837089295529,0.012655661974725242,14
64,12.169751954078674,0.4165345456599756,0.02315566539764404,0.007053425826067784,0.618,100,0.1,0.4,sqrt,5,0.5,"{'GBC__subsample': 0.618, 'GBC__n_estimators': 100, 'GBC__min_samples_split': 0.1, 'GBC__min_samples_leaf': 0.4, 'GBC__max_features': 'sqrt', 'GBC__max_depth': 5, 'GBC__learning_rate': 0.5}",0.1893644617380026,0.17509727626459143,0.18040233614536016,0.19792342634652824,0.19338092147955874,0.17391304347826086,0.20116807268007786,0.18754055807916936,0.2018170019467878,0.18299805321219986,0.18836051513705368,0.009696267890048566,68
65,1.28794207572937,0.02509742358180289,0.015889739990234374,0.0029252593374641173,0.5,10,0.1,0.30000000000000004,log2,8,0.01,"{'GBC__subsample': 0.5, 'GBC__n_estimators': 10, 'GBC__min_samples_split': 0.1, 'GBC__min_samples_leaf': 0.30000000000000004, 'GBC__max_features': 'log2', 'GBC__max_depth': 8, 'GBC__learning_rate': 0.01}",0.1893644617380026,0.17509727626459143,0.18040233614536016,0.19792342634652824,0.19338092147955874,0.17391304347826086,0.20116807268007786,0.18754055807916936,0.2018170019467878,0.18299805321219986,0.18836051513705368,0.009696267890048566,68
66,0.45564751625061034,0.014519902425401687,0.01497044563293457,0.0020998154535771638,0.8,2,0.1,0.30000000000000004,sqrt,5,1,"{'GBC__subsample': 0.8, 'GBC__n_estimators': 2, 'GBC__min_samples_split': 0.1, 'GBC__min_samples_leaf': 0.30000000000000004, 'GBC__max_features': 'sqrt', 'GBC__max_depth': 5, 'GBC__learning_rate': 1}",0.4714656290531777,0.4695201037613489,0.4899415963659961,0.5502920181700195,0.5386112913692408,0.4990266060999351,0.5171966255678131,0.5113562621674238,0.5081116158338741,0.509409474367294,0.5064931222756123,0.024541579134180463,40
67,11.630278062820434,1.2276255985887856,0.040782380104064944,0.014501389033680433,1.0,50,0.1,0.1,log2,3,0.05,"{'GBC__subsample': 1.0, 'GBC__n_estimators': 50, 'GBC__min_samples_split': 0.1, 'GBC__min_samples_leaf': 0.1, 'GBC__max_features': 'log2', 'GBC__max_depth': 3, 'GBC__learning_rate': 0.05}",0.7010376134889753,0.6939040207522698,0.6755353666450357,0.7105775470473719,0.7164179104477612,0.6852693056456847,0.7047371836469825,0.7034393251135627,0.7112264763140818,0.7047371836469825,0.7006881932748708,0.011887766723596769,13
68,34.19710712432861,1.373062410154289,0.06562445163726807,0.01126909456207939,0.618,200,0.1,0.30000000000000004,sqrt,8,0.5,"{'GBC__subsample': 0.618, 'GBC__n_estimators': 200, 'GBC__min_samples_split': 0.1, 'GBC__min_samples_leaf': 0.30000000000000004, 'GBC__max_features': 'sqrt', 'GBC__max_depth': 8, 'GBC__learning_rate': 0.5}",0.6848249027237354,0.64526588845655,0.6359506813757301,0.6774821544451655,0.6502271252433485,0.6541207008436081,0.6593121349772875,0.6508760545100584,0.6658014276443868,0.6625567813108372,0.6586417851530707,0.013974642340349121,22
69,7.980891561508178,0.3272218400713982,0.035129213333129884,0.014889903890299025,0.85,50,0.1,0.4,log2,5,1,"{'GBC__subsample': 0.85, 'GBC__n_estimators': 50, 'GBC__min_samples_split': 0.1, 'GBC__min_samples_leaf': 0.4, 'GBC__max_features': 'log2', 'GBC__max_depth': 5, 'GBC__learning_rate': 1}",0.6575875486381323,0.6245136186770428,0.6262167423750811,0.6632057105775471,0.6573653471771577,0.6430889033095393,0.6664503569110967,0.6586632057105776,0.6612589227774173,0.6560674886437379,0.651441784479733,0.014274550676877237,24
70,2.4207244157791137,0.11817905823072376,0.020125865936279297,0.002977180396565804,0.95,10,0.1,0.2,sqrt,5,1,"{'GBC__subsample': 0.95, 'GBC__n_estimators': 10, 'GBC__min_samples_split': 0.1, 'GBC__min_samples_leaf': 0.2, 'GBC__max_features': 'sqrt', 'GBC__max_depth': 5, 'GBC__learning_rate': 1}",0.7003891050583657,0.6647211413748378,0.6502271252433485,0.6742375081116159,0.6716417910447762,0.6534717715768981,0.6781310837118754,0.6463335496430889,0.6898118105126542,0.6554185593770279,0.6684383445654488,0.0168615505891529,20
71,21.24227828979492,1.4478480536729643,0.05081410408020019,0.009876485614395933,0.8,100,0.1,0.2,sqrt,5,0.05,"{'GBC__subsample': 0.8, 'GBC__n_estimators': 100, 'GBC__min_samples_split': 0.1, 'GBC__min_samples_leaf': 0.2, 'GBC__max_features': 'sqrt', 'GBC__max_depth': 5, 'GBC__learning_rate': 0.05}",0.6634241245136187,0.6621271076523995,0.6333549643088904,0.6917585983127839,0.6651524983776769,0.6521739130434783,0.6787800129785854,0.6593121349772875,0.6748864373783258,0.6748864373783258,0.6655856228921372,0.01518879138205931,21
72,1.3534423589706421,0.14208354782874782,0.017882347106933594,0.0015154033879819415,0.9,4,0.1,0.1,sqrt,8,1,"{'GBC__subsample': 0.9, 'GBC__n_estimators': 4, 'GBC__min_samples_split': 0.1, 'GBC__min_samples_leaf': 0.1, 'GBC__max_features': 'sqrt', 'GBC__max_depth': 8, 'GBC__learning_rate': 1}",0.6050583657587548,0.5927367055771725,0.6015574302401038,0.6534717715768981,0.6398442569759896,0.6216742375081116,0.6048020765736535,0.6301103179753407,0.6411421155094095,0.6307592472420506,0.6221156524937484,0.019169796908975377,29
73,35.19730985164642,0.5705538943677706,0.05855460166931152,0.004420960203031361,0.9,200,0.1,0.4,sqrt,5,0.05,"{'GBC__subsample': 0.9, 'GBC__n_estimators': 200, 'GBC__min_samples_split': 0.1, 'GBC__min_samples_leaf': 0.4, 'GBC__max_features': 'sqrt', 'GBC__max_depth': 5, 'GBC__learning_rate': 0.05}",0.6575875486381323,0.6348897535667963,0.6242699545749514,0.6554185593770279,0.6573653471771577,0.63659961064244,0.6411421155094095,0.6424399740428294,0.6476314081765088,0.6489292667099286,0.6446273538415183,0.01031903473472156,25
74,0.3690467357635498,0.023054707077392565,0.017304182052612305,0.006353861498337468,0.8,2,0.1,0.4,sqrt,5,0.5,"{'GBC__subsample': 0.8, 'GBC__n_estimators': 2, 'GBC__min_samples_split': 0.1, 'GBC__min_samples_leaf': 0.4, 'GBC__max_features': 'sqrt', 'GBC__max_depth': 5, 'GBC__learning_rate': 0.5}",0.1893644617380026,0.17509727626459143,0.18040233614536016,0.19792342634652824,0.19338092147955874,0.17391304347826086,0.20116807268007786,0.18754055807916936,0.2018170019467878,0.18299805321219986,0.18836051513705368,0.009696267890048566,68
75,13.03047697544098,0.9461692185085879,0.021014976501464843,0.0021544026757472027,0.5,100,0.1,0.30000000000000004,sqrt,5,0.05,"{'GBC__subsample': 0.5, 'GBC__n_estimators': 100, 'GBC__min_samples_split': 0.1, 'GBC__min_samples_leaf': 0.30000000000000004, 'GBC__max_features': 'sqrt', 'GBC__max_depth': 5, 'GBC__learning_rate': 0.05}",0.1893644617380026,0.17509727626459143,0.18040233614536016,0.19792342634652824,0.19338092147955874,0.17391304347826086,0.20116807268007786,0.18754055807916936,0.2018170019467878,0.18299805321219986,0.18836051513705368,0.009696267890048566,68
76,39.912907409667966,2.134823359169565,0.08911380767822266,0.02447675799182601,0.9,200,0.1,0.2,log2,5,0.01,"{'GBC__subsample': 0.9, 'GBC__n_estimators': 200, 'GBC__min_samples_split': 0.1, 'GBC__min_samples_leaf': 0.2, 'GBC__max_features': 'log2', 'GBC__max_depth': 5, 'GBC__learning_rate': 0.01}",0.622568093385214,0.619325551232166,0.6080467229072031,0.6463335496430889,0.6476314081765088,0.6210253082414017,0.627514600908501,0.6314081765087606,0.6314081765087606,0.6320571057754705,0.6287318693287076,0.011435091687054005,26
77,37.51938807964325,1.5394399508398269,0.09252674579620361,0.028899096480831818,0.85,200,0.1,0.2,sqrt,8,0.1,"{'GBC__subsample': 0.85, 'GBC__n_estimators': 200, 'GBC__min_samples_split': 0.1, 'GBC__min_samples_leaf': 0.2, 'GBC__max_features': 'sqrt', 'GBC__max_depth': 8, 'GBC__learning_rate': 0.1}",0.788586251621271,0.7561608300907912,0.7598961713173265,0.7962362102530824,0.7852044127190136,0.755353666450357,0.7774172615184944,0.7657365347177157,0.7936404931862427,0.7806619078520441,0.7758893739726338,0.014737644153871065,3
78,0.6587136507034301,0.028794065506376774,0.01500687599182129,0.0038398260085927257,0.8,4,0.1,0.30000000000000004,sqrt,8,0.01,"{'GBC__subsample': 0.8, 'GBC__n_estimators': 4, 'GBC__min_samples_split': 0.1, 'GBC__min_samples_leaf': 0.30000000000000004, 'GBC__max_features': 'sqrt', 'GBC__max_depth': 8, 'GBC__learning_rate': 0.01}",0.1893644617380026,0.17509727626459143,0.18040233614536016,0.19792342634652824,0.19338092147955874,0.17391304347826086,0.20116807268007786,0.18754055807916936,0.2018170019467878,0.18299805321219986,0.18836051513705368,0.009696267890048566,68
79,10.590004467964173,0.20985777280147822,0.031061577796936034,0.0029324564571389013,0.85,50,0.1,0.1,sqrt,3,0.1,"{'GBC__subsample': 0.85, 'GBC__n_estimators': 50, 'GBC__min_samples_split': 0.1, 'GBC__min_samples_leaf': 0.1, 'GBC__max_features': 'sqrt', 'GBC__max_depth': 3, 'GBC__learning_rate': 0.1}",0.754863813229572,0.7425421530479897,0.7203114860480208,0.7689811810512654,0.764438676184296,0.7306943543153797,0.7391304347826086,0.7443218689162882,0.7637897469175859,0.7579493835171967,0.7487023098010203,0.015129610109889868,9
80,45.613340210914615,1.4614212405648717,0.09581112861633301,0.009720886653796933,1.0,200,0.1,0.1,sqrt,3,0.01,"{'GBC__subsample': 1.0, 'GBC__n_estimators': 200, 'GBC__min_samples_split': 0.1, 'GBC__min_samples_leaf': 0.1, 'GBC__max_features': 'sqrt', 'GBC__max_depth': 3, 'GBC__learning_rate': 0.01}",0.7023346303501945,0.6867704280155642,0.6774821544451655,0.718364698247891,0.7229072031148605,0.6833225178455549,0.7060350421804024,0.7053861129136924,0.7235561323815705,0.7060350421804024,0.7032193961675298,0.015429730671624597,11
81,9.42071807384491,0.14458921444552553,0.019063901901245118,0.003833899689755116,0.95,100,0.1,0.5,log2,8,0.5,"{'GBC__subsample': 0.95, 'GBC__n_estimators': 100, 'GBC__min_samples_split': 0.1, 'GBC__min_samples_leaf': 0.5, 'GBC__max_features': 'log2', 'GBC__max_depth': 8, 'GBC__learning_rate': 0.5}",0.1893644617380026,0.17509727626459143,0.18040233614536016,0.19792342634652824,0.19338092147955874,0.17391304347826086,0.20116807268007786,0.18754055807916936,0.2018170019467878,0.18299805321219986,0.18836051513705368,0.009696267890048566,68
82,1.5270177364349364,0.029982855776553866,0.015994834899902343,0.003754306678872051,1.0,10,0.1,0.4,log2,5,1,"{'GBC__subsample': 1.0, 'GBC__n_estimators': 10, 'GBC__min_samples_split': 0.1, 'GBC__min_samples_leaf': 0.4, 'GBC__max_features': 'log2', 'GBC__max_depth': 5, 'GBC__learning_rate': 1}",0.6076523994811932,0.5920881971465629,0.5691109669046074,0.5944192083062946,0.609344581440623,0.5885788449059053,0.5905256327060351,0.591174561972745,0.5905256327060351,0.6041531473069436,0.5937573172876945,0.01099613939250877,32
83,0.3426175355911255,0.027703422802834,0.013782715797424317,0.0022598849551667484,0.8,2,0.1,0.4,log2,5,0.01,"{'GBC__subsample': 0.8, 'GBC__n_estimators': 2, 'GBC__min_samples_split': 0.1, 'GBC__min_samples_leaf': 0.4, 'GBC__max_features': 'log2', 'GBC__max_depth': 5, 'GBC__learning_rate': 0.01}",0.1893644617380026,0.17509727626459143,0.18040233614536016,0.19792342634652824,0.19338092147955874,0.17391304347826086,0.20116807268007786,0.18754055807916936,0.2018170019467878,0.18299805321219986,0.18836051513705368,0.009696267890048566,68
84,15.94928686618805,0.4055488158310402,0.044528651237487796,0.004311664126775637,0.85,100,0.1,0.2,log2,3,0.05,"{'GBC__subsample': 0.85, 'GBC__n_estimators': 100, 'GBC__min_samples_split': 0.1, 'GBC__min_samples_leaf': 0.2, 'GBC__max_features': 'log2', 'GBC__max_depth': 3, 'GBC__learning_rate': 0.05}",0.7010376134889753,0.6964980544747081,0.6755353666450357,0.7177157689811811,0.7209604153147307,0.6865671641791045,0.7034393251135627,0.7021414665801428,0.7157689811810513,0.7112264763140818,0.7030890632272573,0.013568984362909615,12
85,0.5295782566070557,0.024235889519876687,0.013867330551147462,0.0021459070605163904,0.85,4,0.1,0.5,sqrt,8,0.05,"{'GBC__subsample': 0.85, 'GBC__n_estimators': 4, 'GBC__min_samples_split': 0.1, 'GBC__min_samples_leaf': 0.5, 'GBC__max_features': 'sqrt', 'GBC__max_depth': 8, 'GBC__learning_rate': 0.05}",0.1893644617380026,0.17509727626459143,0.18040233614536016,0.19792342634652824,0.19338092147955874,0.17391304347826086,0.20116807268007786,0.18754055807916936,0.2018170019467878,0.18299805321219986,0.18836051513705368,0.009696267890048566,68
86,0.5288999319076538,0.025309067031560144,0.012784504890441894,0.0010334110418535975,0.5,4,0.1,0.30000000000000004,sqrt,5,1,"{'GBC__subsample': 0.5, 'GBC__n_estimators': 4, 'GBC__min_samples_split': 0.1, 'GBC__min_samples_leaf': 0.30000000000000004, 'GBC__max_features': 'sqrt', 'GBC__max_depth': 5, 'GBC__learning_rate': 1}",0.1893644617380026,0.17509727626459143,0.18040233614536016,0.19792342634652824,0.19338092147955874,0.17391304347826086,0.20116807268007786,0.18754055807916936,0.2018170019467878,0.18299805321219986,0.18836051513705368,0.009696267890048566,68
87,6.876557636260986,0.09032839328092478,0.02382528781890869,0.0019460452207135026,0.85,50,0.1,0.4,log2,3,0.01,"{'GBC__subsample': 0.85, 'GBC__n_estimators': 50, 'GBC__min_samples_split': 0.1, 'GBC__min_samples_leaf': 0.4, 'GBC__max_features': 'log2', 'GBC__max_depth': 3, 'GBC__learning_rate': 0.01}",0.35019455252918286,0.3469520103761349,0.33160285528877353,0.3698896820246593,0.3536664503569111,0.3393900064892927,0.3757300454250487,0.34717715768981183,0.36404931862427,0.34133679428942243,0.35199888730935075,0.013311198124275201,54
88,27.74674696922302,0.19542052331382026,0.05972695350646973,0.005221502170595468,0.618,200,0.1,0.2,log2,5,1,"{'GBC__subsample': 0.618, 'GBC__n_estimators': 200, 'GBC__min_samples_split': 0.1, 'GBC__min_samples_leaf': 0.2, 'GBC__max_features': 'log2', 'GBC__max_depth': 5, 'GBC__learning_rate': 1}",0.6990920881971465,0.6776913099870299,0.663854639844257,0.7060350421804024,0.700194678780013,0.6865671641791045,0.6859182349123946,0.6898118105126542,0.7021414665801428,0.6982478909798832,0.6909554326153027,0.012302840376287951,16
89,27.014930415153504,0.47767723559730385,0.05701587200164795,0.007566951280645464,0.5,200,0.1,0.2,sqrt,5,0.01,"{'GBC__subsample': 0.5, 'GBC__n_estimators': 200, 'GBC__min_samples_split': 0.1, 'GBC__min_samples_leaf': 0.2, 'GBC__max_features': 'sqrt', 'GBC__max_depth': 5, 'GBC__learning_rate': 0.01}",0.5376134889753567,0.5214007782101168,0.5288773523685918,0.5684620376378975,0.5567813108371188,0.5353666450356911,0.5496430889033095,0.5580791693705386,0.5412070084360805,0.5373134328358209,0.5434744312610522,0.013770661022155978,35
90,26.872958064079285,2.992843586067739,0.08426890373229981,0.030546559633941216,0.85,100,0.1,0.1,log2,8,0.05,"{'GBC__subsample': 0.85, 'GBC__n_estimators': 100, 'GBC__min_samples_split': 0.1, 'GBC__min_samples_leaf': 0.1, 'GBC__max_features': 'log2', 'GBC__max_depth': 8, 'GBC__learning_rate': 0.05}",0.745136186770428,0.7367055771725033,0.7261518494484102,0.7683322517845554,0.7573004542504866,0.736534717715769,0.7560025957170668,0.7475665152498377,0.7592472420506164,0.7573004542504866,0.749027784441016,0.012292776932720226,8
91,0.5055209875106812,0.04076211853499485,0.015184545516967773,0.0033453380694256417,0.85,2,0.1,0.30000000000000004,sqrt,5,0.05,"{'GBC__subsample': 0.85, 'GBC__n_estimators': 2, 'GBC__min_samples_split': 0.1, 'GBC__min_samples_leaf': 0.30000000000000004, 'GBC__max_features': 'sqrt', 'GBC__max_depth': 5, 'GBC__learning_rate': 0.05}",0.3216601815823606,0.3119325551232166,0.2563270603504218,0.29526281635301754,0.27709279688513955,0.2563270603504218,0.29980532121998704,0.263465282284231,0.28423101881894874,0.263465282284231,0.28295693752519757,0.02233157315535326,64
92,0.5230654001235961,0.05434958161285005,0.014425015449523926,0.0030808971592959375,0.8,2,0.1,0.2,sqrt,8,1,"{'GBC__subsample': 0.8, 'GBC__n_estimators': 2, 'GBC__min_samples_split': 0.1, 'GBC__min_samples_leaf': 0.2, 'GBC__max_features': 'sqrt', 'GBC__max_depth': 8, 'GBC__learning_rate': 1}",0.4714656290531777,0.4695201037613489,0.4717715768981181,0.49967553536664505,0.5314730694354315,0.500324464633355,0.5353666450356911,0.4964308890330954,0.4990266060999351,0.4899415963659961,0.49649961156827943,0.021849422983107325,42
93,0.2979236125946045,0.015840219120128573,0.011981320381164551,0.0015179018894208218,0.9,2,0.1,0.5,log2,3,0.01,"{'GBC__subsample': 0.9, 'GBC__n_estimators': 2, 'GBC__min_samples_split': 0.1, 'GBC__min_samples_leaf': 0.5, 'GBC__max_features': 'log2', 'GBC__max_depth': 3, 'GBC__learning_rate': 0.01}",0.1893644617380026,0.17509727626459143,0.18040233614536016,0.19792342634652824,0.19338092147955874,0.17391304347826086,0.20116807268007786,0.18754055807916936,0.2018170019467878,0.18299805321219986,0.18836051513705368,0.009696267890048566,68
94,17.851554250717165,1.9841500691410097,0.04173464775085449,0.012150894690935459,0.9,100,0.1,0.30000000000000004,sqrt,3,0.05,"{'GBC__subsample': 0.9, 'GBC__n_estimators': 100, 'GBC__min_samples_split': 0.1, 'GBC__min_samples_leaf': 0.30000000000000004, 'GBC__max_features': 'sqrt', 'GBC__max_depth': 3, 'GBC__learning_rate': 0.05}",0.6394293125810635,0.6115434500648509,0.5963659961064244,0.6469824789097989,0.6430889033095393,0.6210253082414017,0.6255678131083712,0.6210253082414017,0.6411421155094095,0.6262167423750811,0.6272387428447341,0.015044850279792894,27
95,0.47123634815216064,0.08753791633523,0.01431117057800293,0.0029491250518479686,0.9,2,0.1,0.2,log2,3,0.01,"{'GBC__subsample': 0.9, 'GBC__n_estimators': 2, 'GBC__min_samples_split': 0.1, 'GBC__min_samples_leaf': 0.2, 'GBC__max_features': 'log2', 'GBC__max_depth': 3, 'GBC__learning_rate': 0.01}",0.1893644617380026,0.17509727626459143,0.18040233614536016,0.19792342634652824,0.19338092147955874,0.17391304347826086,0.20116807268007786,0.18754055807916936,0.2018170019467878,0.18299805321219986,0.18836051513705368,0.009696267890048566,68
96,14.562406444549561,2.182600922369365,0.03882434368133545,0.015492464017191508,0.5,100,0.1,0.30000000000000004,sqrt,8,0.5,"{'GBC__subsample': 0.5, 'GBC__n_estimators': 100, 'GBC__min_samples_split': 0.1, 'GBC__min_samples_leaf': 0.30000000000000004, 'GBC__max_features': 'sqrt', 'GBC__max_depth': 8, 'GBC__learning_rate': 0.5}",0.1893644617380026,0.17509727626459143,0.18040233614536016,0.19792342634652824,0.19338092147955874,0.17391304347826086,0.20116807268007786,0.18754055807916936,0.2018170019467878,0.18299805321219986,0.18836051513705368,0.009696267890048566,68
97,15.50257866382599,0.5582978937875824,0.04159088134765625,0.008192892160789942,1.0,50,0.1,0.1,sqrt,8,1,"{'GBC__subsample': 1.0, 'GBC__n_estimators': 50, 'GBC__min_samples_split': 0.1, 'GBC__min_samples_leaf': 0.1, 'GBC__max_features': 'sqrt', 'GBC__max_depth': 8, 'GBC__learning_rate': 1}",0.122568093385214,0.7243839169909209,0.1700194678780013,0.754055807916937,0.2680077871512005,0.754055807916937,0.773523685918235,0.06619078520441272,0.7728747566515249,0.136275146009085,0.45419552550224684,0.3055128109912522,50
98,0.45602803230285643,0.02409868763901106,0.012859749794006347,0.002187142646043156,0.95,2,0.1,0.2,log2,3,0.1,"{'GBC__subsample': 0.95, 'GBC__n_estimators': 2, 'GBC__min_samples_split': 0.1, 'GBC__min_samples_leaf': 0.2, 'GBC__max_features': 'log2', 'GBC__max_depth': 3, 'GBC__learning_rate': 0.1}",0.44293125810635536,0.43255512321660183,0.4016872160934458,0.46203763789746916,0.42959117456197277,0.4172615184944841,0.45230369889682026,0.43413367942894227,0.43478260869565216,0.41142115509409477,0.4318705070485839,0.017354559235675228,51
99,0.7068986177444458,0.08057937179489927,0.013662052154541016,0.0026290619282812577,0.85,4,0.1,0.4,log2,8,0.1,"{'GBC__subsample': 0.85, 'GBC__n_estimators': 4, 'GBC__min_samples_split': 0.1, 'GBC__min_samples_leaf': 0.4, 'GBC__max_features': 'log2', 'GBC__max_depth': 8, 'GBC__learning_rate': 0.1}",0.3437094682230869,0.3359273670557717,0.3329007138221934,0.3737832576249189,0.3601557430240104,0.3393900064892927,0.3757300454250487,0.3530175210902012,0.3666450356911097,0.3439325113562622,0.3525191669801896,0.014942891546465885,53
